;Mia;Horvat;mhorvat@ingenii.hr;2018-02-28;2;1;1
;Sara;Kovačević;skovacevic@ingenii.hr;2019-11-30;3;1;1
;Nika;Babić;nbabic@ingenii.hr;2015-08-23;3;1;1
;Lana;Marić;lmaric@ingenii.hr;2014-02-13;3;1;1
;Elena;Jurić;ejuric@ingenii.hr;2010-02-13;4;1;1
;Eva;Novak;enovak@ingenii.hr;2010-07-19;5;1;1
;Petra;Kovačić;pkovacic@ingenii.hr;2016-12-25;4;1;1
;Iva;Knežević;iknezevic@ingenii.hr;2014-06-28;3;1;1
;Mila;Vuković;mvukovic@ingenii.hr;2014-09-22;3;1;1
;Klara;Marković;kmarkovic@ingenii.hr;2017-06-28;4;2;1
;Tena;Matić;tmatic@ingenii.hr;2012-05-22;2;2;1
;Leona;Petrović;lpetrovic@ingenii.hr;2015-11-26;5;2;1
;Lorena;Tomić;ltomic@ingenii.hr;2013-10-29;3;2;1
;Tia;Pavlović;tpavlovic@ingenii.hr;2015-07-05;4;2;1
;Lena;Kovač;lkovac@ingenii.hr;2017-10-27;4;2;1
;Katarina;Božić;kbozic@ingenii.hr;2015-04-15;3;2;1
;Ena;Grgić;egrgic@ingenii.hr;2015-06-10;3;2;1
;Bruna;Blažević;bblazevic@ingenii.hr;2014-10-03;5;2;1
;Lota;Perić;lperic@ingenii.hr;2017-11-09;3;2;1
;Una;Pavić;upavic@ingenii.hr;2018-08-21;4;3;1
;Korina;Radić;kradic@ingenii.hr;2013-06-26;2;3;1
;Greta;Šarić;gsaric@ingenii.hr;2018-04-18;3;3;1
;Luna;Lovrić;llovric@ingenii.hr;2016-09-05;3;3;1
;Gabriela;Filipović;gfilipovic@ingenii.hr;2014-04-20;5;3;1
;Barbara;Vidović;bvidovic@ingenii.hr;2010-12-02;4;3;1
;Iris;Jukić;ijukic@ingenii.hr;2010-12-28;3;3;1
;Tea;Bošnjak;tbosnjak@ingenii.hr;2013-09-24;3;3;1
;Anja;Perković;aperkovic@ingenii.hr;2011-08-30;4;3;1
;Gabrijela;Popović;gpopovic@ingenii.hr;2016-07-08;3;3;1
;Emma;Nikolić;enikolic@ingenii.hr;2013-01-10;4;4;1
;Sofija;Šimić;ssimic@ingenii.hr;2016-08-21;2;4;1
;Tonka;Barišić;tbarisic@ingenii.hr;2015-01-26;3;4;1
;Maja;Bašić;mbasic@ingenii.hr;2019-01-22;3;4;1
;Doris;Mandić;dmandic@ingenii.hr;2010-11-21;3;4;1
;Nicole;Klarić;nklaric@ingenii.hr;2010-05-24;4;4;1
;Nikol;Živković;nzivkovic@ingenii.hr;2019-05-14;5;4;1
;Noemi;Lončar;nloncar@ingenii.hr;2013-06-09;3;4;1
;Antea;Martinović;amartinovic@ingenii.hr;2011-01-26;3;4;1
;Ines;Barić;ibaric@ingenii.hr;2010-04-13;3;4;1
;Paola;Brkić;pbrkic@ingenii.hr;2012-04-15;4;5;1
;Anđela;Galić;agalic@ingenii.hr;2015-10-05;2;5;1
;Julia;Jurković;jjurkovic@ingenii.hr;2018-04-11;4;5;1
;Kaja;Bilić;kbilic@ingenii.hr;2014-01-28;3;5;1
;Cvita;Kos;ckos@ingenii.hr;2017-04-06;3;5;1
;Ivona;Stanić;istanic@ingenii.hr;2010-02-28;4;5;1
;Martina;Lukić;mlukic@ingenii.hr;2013-03-05;3;5;1
;Emili;Matijević;ematijevic@ingenii.hr;2016-12-24;3;5;1
;Nola;Matković;nmatkovic@ingenii.hr;2015-03-15;5;5;1
;Emily;Kralj;ekralj@ingenii.hr;2015-05-18;4;5;1
;Leda;Janković;ljankovic@ingenii.hr;2017-07-02;4;6;1
;David;Novosel;dnovosel@ingenii.hr;2018-10-01;2;6;1
;Petar;Jelić;pjelic@ingenii.hr;2015-03-21;3;6;1
;Mihael;Ćosić;mcosic@ingenii.hr;2015-04-09;3;6;1
;Marko;Miletić;mmiletic@ingenii.hr;2013-01-11;5;6;1
;Fran;Jurišić;fjurisic@ingenii.hr;2019-12-17;4;6;1
;Josip;Ivanović;jivanovic@ingenii.hr;2019-11-13;4;6;1
;Toma;Katić;tkatic@ingenii.hr;2013-03-26;3;6;1
;Lovro;Lučić;llucic@ingenii.hr;2011-05-05;3;6;1
;Borna;Mihaljević;bmihaljevic@ingenii.hr;2013-03-14;3;6;1
;Noa;Ilić;nilic@ingenii.hr;2019-02-18;4;7;1
;Roko;Tadić;rtadic@ingenii.hr;2016-10-25;2;7;1
;Lukas;Posavec;lposavec@ingenii.hr;2015-04-29;3;7;1
;Nikola;Jerković;njerkovic@ingenii.hr;2017-12-22;4;7;1
;Patrik;Marinović;pmarinovic@ingenii.hr;2011-09-13;3;7;1
;Šimun;Ivanković;sivankovic@ingenii.hr;2010-11-07;4;7;1
;Tin;Mikulić;tmikulic@ingenii.hr;2017-04-27;5;7;1
;Teo;Šimunović;tsimunovic@ingenii.hr;2016-11-05;3;7;1
;Viktor;Ivančić;vivancic@ingenii.hr;2012-12-08;3;7;1
;Leo;Poljak;lpoljak@ingenii.hr;2015-02-11;3;7;1
;Rafael;Jovanović;rjovanovic@ingenii.hr;2018-06-17;4;8;1
;Adrian;Herceg;aherceg@ingenii.hr;2011-11-06;2;8;1
;Andrej;Marjanović;amarjanovic@ingenii.hr;2014-05-15;5;8;1
;Juraj;Milić;jmilic@ingenii.hr;2014-06-22;3;8;1
;Gabrijel;Vidaković;gvidakovic@ingenii.hr;2015-07-27;3;8;1
;Oliver;Cindrić;ocindric@ingenii.hr;2012-11-16;4;8;1
;Mark;Marušić;mmarusic@ingenii.hr;2015-03-19;3;8;1
;Benjamin;Vučković;bvuckovic@ingenii.hr;2014-03-22;4;8;1
;Dino;Topić;dtopic@ingenii.hr;2019-06-03;5;8;1
;Toni;Rukavina;trukavina@ingenii.hr;2014-02-21;3;8;1
;Maks;Jozić;mjozic@ingenii.hr;2017-09-30;4;9;1
;Lucas;Delić;ldelic@ingenii.hr;2014-01-04;2;9;1
;Noel;Novaković;nnovakovic@ingenii.hr;2018-07-14;3;9;1
;Leonardo;Varga;lvarga@ingenii.hr;2016-04-14;3;9;1
;Vigo;Pavičić;vpavicic@ingenii.hr;2019-01-07;4;9;1
;Maksim;Bogdan;mbogdan@ingenii.hr;2014-04-12;4;9;1
;Kristijan;Grubišić;kgrubisic@ingenii.hr;2011-06-04;3;9;1
;Tomislav;Đurić;tdjuric@ingenii.hr;2019-10-21;3;9;1
;Noah;Špoljarić;nspoljaric@ingenii.hr;2016-01-11;3;9;1
;Pavle;Dujmović;pdujmovic@ingenii.hr;2010-12-06;3;9;1
;Arian;Vukelić;avukelic@ingenii.hr;2010-07-13;4;10;1
;Manuel;Kolar;mkolar@ingenii.hr;2016-02-19;2;10;1
;Mislav;Burić;mburic@ingenii.hr;2012-02-06;3;10;1
;Jure;Štimac;jstimac@ingenii.hr;2017-11-15;3;10;1
;Neo;Petković;npetkovic@ingenii.hr;2011-02-25;3;10;1
;Robert;Kolarić;rkolaric@ingenii.hr;2015-06-23;4;10;1
;Vedran;Petrić;vpetric@ingenii.hr;2010-06-09;5;10;1
;Frane;Brajković;fbrajkovic@ingenii.hr;2010-04-20;3;10;1
;Ian;Bačić;ibacic@ingenii.hr;2012-05-18;4;10;1
;Mate;Jakšić;mjaksic@ingenii.hr;2016-05-31;3;10;1
;Oskar;Jović;ojovic@ingenii.hr;2012-11-04;4;11;1
;Lucija;Ivić;livic@ingenii.hr;2016-04-30;2;11;1
;Ema;Stanković;estankovic@ingenii.hr;2014-01-17;5;11;1
;Ana;Ružić;aruzic@ingenii.hr;2010-02-01;3;11;1
;Marta;Pranjić;mpranjic@ingenii.hr;2016-12-02;3;11;1
;Rita;Stojanović;rstojanovic@ingenii.hr;2015-08-28;4;11;1
;Marija;Antunović;mantunovic@ingenii.hr;2014-05-19;3;11;1
;Laura;Mitrović;lmitrovic@ingenii.hr;2010-09-29;3;11;1
;Lea;Lončarić;lloncaric@ingenii.hr;2019-09-14;5;11;1
;Dora;Ban;dban@ingenii.hr;2010-02-26;3;11;1
;Lara;Tolić;ltolic@ingenii.hr;2014-10-01;4;12;1
;Franka;Josipović;fjosipovic@ingenii.hr;2015-08-25;2;12;1
;Katja;Pejić;kpejic@ingenii.hr;2013-10-24;4;12;1
;Helena;Pintarić;hpintaric@ingenii.hr;2017-03-15;3;12;1
;Karla;Golubić;kgolubic@ingenii.hr;2015-06-16;5;12;1
;Magdalena;Anić;manic@ingenii.hr;2015-02-14;4;12;1
;Maša;Prpić;mprpic@ingenii.hr;2018-04-14;3;12;1
;Sofia;Tokić;stokic@ingenii.hr;2019-01-15;3;12;1
;Jana;Erceg;jerceg@ingenii.hr;2018-12-16;3;12;1
;Paula;Petričević;ppetricevic@ingenii.hr;2017-06-03;4;12;1
;Vita;Budimir;vbudimir@ingenii.hr;2019-06-06;4;13;1
;Tara;Baričević;tbaricevic@ingenii.hr;2017-07-09;2;13;1
;Hana;Martić;hmartic@ingenii.hr;2010-10-26;3;13;1
;Nina;Starčević;nstarcevic@ingenii.hr;2012-01-03;3;13;1
;Mara;Vlašić;mvlasic@ingenii.hr;2014-08-02;3;13;1
;Ela;Vrdoljak;evrdoljak@ingenii.hr;2012-04-29;4;13;1
;Matea;Mijatović;mmijatovic@ingenii.hr;2019-10-02;4;13;1
;Nora;Car;ncar@ingenii.hr;2016-07-01;3;13;1
;Ella;Majić;emajic@ingenii.hr;2013-04-27;3;13;1
;Vida;Šimunić;vsimunic@ingenii.hr;2010-02-04;3;13;1
;Pia;Horvatić;phorvatic@ingenii.hr;2012-06-09;4;14;1
;Kiara;Mlinarić;kmlinaric@ingenii.hr;2014-11-29;2;14;1
;Maria;Ljubičić;mljubicic@ingenii.hr;2011-11-04;5;14;1
;Aria;Pavlić;apavlic@ingenii.hr;2013-01-03;4;14;1
;Mihaela;Vukić;mvukic@ingenii.hr;2011-04-20;3;14;1
;Monika;Vlahović;mvlahovic@ingenii.hr;2011-06-03;4;14;1
;Nikolina;Sever;nsever@ingenii.hr;2019-12-20;3;14;1
;Viktorija;Abramović;vabramovic@ingenii.hr;2018-06-12;3;14;1
;Aurora;Crnković;acrnkovic@ingenii.hr;2019-05-15;5;14;1
;Lora;Mamić;lmamic@ingenii.hr;2013-05-13;3;14;1
;Viktoria;Grgurić;vgrguric@ingenii.hr;2019-11-25;4;15;1
;Iskra;Ivković;iivkovic@ingenii.hr;2010-09-06;2;15;1
;Julija;Zorić;jzoric@ingenii.hr;2010-02-06;3;15;1
;Brigita;Čović;bcovic@ingenii.hr;2015-11-16;3;15;1
;Gita;Dragičević;gdragicevic@ingenii.hr;2016-03-08;5;15;1
;Josipa;Radoš;jrados@ingenii.hr;2014-11-19;4;15;1
;Zara;Rašić;zrasic@ingenii.hr;2012-04-27;3;15;1
;Larisa;Orešković;loreskovic@ingenii.hr;2014-11-25;4;15;1
;Veronika;Sertić;vsertic@ingenii.hr;2012-06-01;3;15;1
;Ivana;Miličević;imilicevic@ingenii.hr;2016-01-13;3;15;1
;Maris;Ljubić;mljubic@ingenii.hr;2017-03-11;4;16;1
;Luka;Milković;lmilkovic@ingenii.hr;2011-05-27;2;16;1
;Jakov;Medved;jmedved@ingenii.hr;2011-05-07;3;16;1
;Ivan;Matošević;imatosevic@ingenii.hr;2014-12-16;3;16;1
;Filip;Andrić;fandric@ingenii.hr;2016-12-27;4;16;1
;Matej;Milošević;mmilosevic@ingenii.hr;2015-04-29;4;16;1
;Leon;Turković;lturkovic@ingenii.hr;2015-07-07;5;16;1
;Karlo;Franić;kfranic@ingenii.hr;2012-01-15;3;16;1
;Mateo;Mišković;mmiskovic@ingenii.hr;2015-07-04;3;16;1
;Niko;Balić;nbalic@ingenii.hr;2014-08-06;3;16;1
;Jan;Šoštarić;jsostaric@ingenii.hr;2015-11-28;4;17;1
;Gabriel;Mihalić;gmihalic@ingenii.hr;2017-11-19;2;17;1
;Vito;Milanović;vmilanovic@ingenii.hr;2017-06-04;5;17;1
;Ivano;Jurčević;ijurcevic@ingenii.hr;2019-08-10;3;17;1
;Ante;Galović;agalovic@ingenii.hr;2017-09-19;3;17;1
;Dominik;Radošević;dradosevic@ingenii.hr;2019-11-03;4;17;1
;Bruno;Rajković;brajkovic@ingenii.hr;2013-10-22;3;17;1
;Marin;Balog;mbalog@ingenii.hr;2010-10-22;3;17;1
;Matija;Mikić;mmikic@ingenii.hr;2015-11-27;4;17;1
;Antonio;Medić;amedic@ingenii.hr;2014-01-14;3;17;1
;Martin;Savić;msavic@ingenii.hr;2015-02-26;4;18;1
;Emanuel;Lacković;elackovic@ingenii.hr;2019-11-03;2;18;1
;Vid;Puškarić;vpuskaric@ingenii.hr;2019-09-04;3;18;1
;Franko;Buljan;fbuljan@ingenii.hr;2015-08-05;3;18;1
;Erik;Kolić;ekolic@ingenii.hr;2017-07-11;5;18;1
;Stjepan;Majstorović;smajstorovic@ingenii.hr;2018-09-30;4;18;1
;Bartol;Mijić;bmijic@ingenii.hr;2017-06-02;3;18;1
;Adam;Sučić;asucic@ingenii.hr;2014-12-11;3;18;1
;Liam;Tomašić;ltomasic@ingenii.hr;2015-10-29;3;18;1
;Dorian;Meštrović;dmestrovic@ingenii.hr;2019-09-14;3;18;1
;Antun;Ćurić;acuric@ingenii.hr;2010-01-02;4;19;1
;Andrija;Marijanović;amarijanovic@ingenii.hr;2014-11-07;2;19;1
;Maro;Cvitković;mcvitkovic@ingenii.hr;2014-01-30;4;19;1
;Ilija;Vukušić;ivukusic@ingenii.hr;2017-04-16;3;19;1
;Sven;Nekić;snekic@ingenii.hr;2012-11-27;3;19;1
;Jona;Hodak;jhodak@ingenii.hr;2011-01-15;4;19;1
;Domagoj;Đurđević;ddjurdjevic@ingenii.hr;2013-07-26;5;19;1
;Mak;Glavaš;mglavas@ingenii.hr;2016-11-20;3;19;1
;Aleksandar;Begić;abegic@ingenii.hr;2016-01-08;3;19;1
;Pavel;Maričić;pmaricic@ingenii.hr;2015-12-23;4;19;1
;Stefan;Rožić;srozic@ingenii.hr;2015-11-28;4;20;1
;Ivor;Kraljević;ikraljevic@ingenii.hr;2017-12-06;2;20;1
;Mauro;Devčić;mdevcic@ingenii.hr;2012-12-09;5;20;1
;Damjan;Vuletić;dvuletic@ingenii.hr;2014-10-10;3;20;1
;Max;Ostojić;mostojic@ingenii.hr;2017-06-17;3;20;1
;Pavao;Vuk;pvuk@ingenii.hr;2012-01-07;4;20;1
;Sebastian;Matanović;smatanovic@ingenii.hr;2013-04-04;4;20;1
;Aron;Jakovljević;ajakovljevic@ingenii.hr;2010-06-30;3;20;1
;Grga;Dukić;gdukic@ingenii.hr;2018-02-28;5;20;1
;Marino;Begović;mbegovic@ingenii.hr;2016-05-07;3;20;1
;Matias;Salopek;msalopek@ingenii.hr;2011-01-29;1;21;1